numero_contrato;numero_controle_pncp;empresa_contratada;cnpj_contratada;objeto;orgao_contratante;municipio;uf;modalidade;link_pncp
1;83845701000159-2-000005/2026;G4F SOLUCOES CORPORATIVAS LTDA;07.094.346/0001-45;Contratação de serviços continuados de apoio à execução e à fiscalização de contratos que tenham por objeto obras e serviço de engenharia, bem como apoio às atividades de desenvolvimento e programação de sistemas, a serem executados nas dependências dos prédios do Poder Judiciário do Estado de Santa Catarina, para execução no regime de empreitada por preço unitário, com dedicação exclusiva da mão de obra,compreendendo, inclusive, o fornecimento de equipamentos de telefonia e de informática (notebook e software), além de equipamentos de proteção individual (EPIs).;SANTA CATARINA TRIBUNAL DE JUSTICA;Florianópolis;SC;Pregão - Eletrônico;https://pncp.gov.br/contratos/83845701000159/2026/5
14;00394452000103-2-007720/2024;FRAGA CONSTRUCOES E ENGENHARIA LTDA;12.713.820/0001-00;CONTRATAÇÃO DE SERVIÇOS PERICIAIS DE ENGENHARIA DE CONSTRUÇÃO DO SANGRADOURO (VERTEDOURO), TOMADA D’ÁGUA, DEMOLIÇÃO E CONSTRUÇÃO DE PONTE, FORNECIMENTO E INSTALAÇÃO DE SISTEMA ELÉTRICO, INSTRUMENTAÇÃO, ESTAÇÃO DE RECALQUE, BRITAGEM, SINALIZAÇÃO VIÁRIA E OBRAS COMPLEMENTARES, LOCALIZADAS NA BARRAGEM DE ARVOREZINHA EM BAGÉ-RS.;COMANDO DO EXERCITO;Lages;SC;Concorrência - Eletrônica;https://pncp.gov.br/contratos/00394452000103/2024/7720
100053;50853555000154-2-000111/2026;CELEBRE OBRAS E SERVIÇOS LTDA;12.609.247/0001-99;CONTRATAÇÃO DE  EMPRESA DE  ENGENHARIA  PARA PRESTAÇÃO DE SERVIÇO DE SUBSTITUIÇÃO DE REDES DE DISTRIBUIÇÃO DE ÁGUA, TROCA DE RAMAIS PELO MÉTODO NÃO DESTRUTIVO (MND) E SUBSTITUIÇÃO DE ADUTORA DE ÁGUA TRATADA, REFERENTE AO PROJETO DE REDUÇÃO DE PERDAS E SETORIZAÇÃO NO BAIRRO SANTA TEREZINHA NA CIDADE DE PIRACICABA  SP.;SERVICO MUNICIPAL DE AGUA E ESGOTO;Piracicaba;SP;Concorrência - Eletrônica;https://pncp.gov.br/contratos/50853555000154/2026/111
70;82911249000113-2-000067/2026;ECO PRIME ENGENHARIA LTDA;08.068.681/0001-31;CONTRATAÇÃO DE EMPRESA ESPECIALIZADA EM OBRAS E SERVIÇOS DE ENGENHARIA PARA CONSTRUÇÃO DE UMA PONTE EM CONCRETO COM 249,94 METROS DE COMPRIMENTO TOTAL, SOBRE O RIO ARARANGUÁ, LIGANDO A LOCALIDADE DE HERCÍLIO LUZ E O ACESSO PARA O MORRO DOS CONVENTOS, MUNICÍPIO DE ARARANGUÁ/SC - CONVÊNIO N. 2025TR002010 - SECRETARIA DE ESTADO DA INFRAESTRUTURA E MOBILIDADE - SIE - ESTADO DE SANTA CATARINA, CONFORME INFORMAÇÕES APRESENTADAS E CONDIÇÕES E EXIGÊNCIAS ESTABELECIDAS NO INSTRUMENTO CONVOCATÓRIO, PROJETO BÁSICO, MEMORIAL DESCRITIVO, CRONOGRAMA E DEMAIS ANEXOS.;MUNICIPIO DE ARARANGUA;Araranguá;SC;Concorrência - Eletrônica;https://pncp.gov.br/contratos/82911249000113/2026/67
22916;43052497000102-2-000024/2026;DGB ENGENHARIA E CONSTRUCOES LTDA;61.608.477/0001-49;CONTRATAÇÃO DAS OBRAS E SERVIÇOS DE IMPLANTAÇÃO DO DISPOSITIVO DE SEGURANÇA EM DESNÍVEL DE ACESSO E RETORNO AO MUNICÍPIO DE TAMBAÚ/SP, NA RODOVIA SP 332, KM 271+650M;DEPARTAMENTO DE ESTRADAS DE RODAGEM;São Paulo;SP;Concorrência - Eletrônica;https://pncp.gov.br/contratos/43052497000102/2026/24
366;14100747000126-2-000267/2025;PEROLI ENGENHARIA LTDA;17.275.476/0001-38;Registro de preços para contratação de empresa especializada para, sob demanda,  executar serviços comuns de engenharia, compreendendo serviços de manutenção predial, reformas e reparos estruturais, obras de requalificação e demais intervenções correlatas, com fornecimento de materiais, equipamentos e mão de obra qualificada, mediante aplicação de percentual de desconto único e fixo sobre os preços unitários da Tabela SINAPI vigente, visando atender às necessidades de infraestrutura, manutenção;MUNICIPIO DE RIACHAO DAS NEVES;Riachão das Neves;BA;Pregão - Eletrônico;https://pncp.gov.br/contratos/14100747000126/2025/267
11;50176270000126-2-000043/2026;G2O GERENCIAMENTO E OBRAS LTDA;05.268.723/0001-90;Contratação de empresa de engenharia especializada em serviços de manutenção preventiva e corretiva do conjunto formado pelas placas de brise localizadas na fachada da cobertura do Edifício Sede do TCMSP.;SAO PAULO TRIBUNAL DE CONTAS DO MUNICIPIO;São Paulo;SP;Dispensa;https://pncp.gov.br/contratos/50176270000126/2026/43
0013/26;46965083000154-2-000011/2026;ARION CONSTRUCOES E GERENCIAMENTO DE OBRAS LTDA;10.836.143/0001-91;"Contratação de empresa de engenharia especializada para execução da obra de retrofitting
da ETE Laranja Azeda";SERVICO DE AGUA E ESGOTO DE PIRASSUNUNGA;Pirassununga;SP;Concorrência - Eletrônica;https://pncp.gov.br/contratos/46965083000154/2026/11
5;18560547000107-2-000006/2025;CONSTRUTORA LAM LTDA;03.522.765/0001-80;CONTRATAÇÃO DE SERVIÇOS COMUNS DE ENGENHARIA DESTINADOS À EXECUÇÃO DE OBRAS DO PAVILHÃO DE LABORATÓRIOS DO CAMPUS SOSÍGENES COSTA, LOCALIZADO EM PORTO SEGURO-BA;UNIVERSIDADE FEDERAL DO SUL DA BAHIA;Itabuna;BA;Concorrência - Eletrônica;https://pncp.gov.br/contratos/18560547000107/2025/6
51;49269236000117-2-000039/2025;PENTAGONO SERVICOS DE ENGENHARIA CIVIL E CONSULTORIA LTDA;47.026.679/0001-51;CONTRATAÇÃO DE SERVIÇOS CONTÍNUOS DE NATUREZA TÉCNICA ESPECIALIZADA PARA APOIO E ASSESSORAMENTO NO DESENVOLVIMENTO DE ATIVIDADES PRELIMINARES, COMPLEMENTARES E DE ACOMPANHAMENTO DE SERVIÇOS E OBRAS DE MELHORIA DE BAIRROS E MOBILIDADE URBANA.;SECRETARIA MUNICIPAL DAS SUBPREFEITURAS;São Paulo;SP;Concorrência - Eletrônica;https://pncp.gov.br/contratos/49269236000117/2025/39
664;04892707000100-2-000904/2025;STRATA ENGENHARIA LTDA;38.743.357/0001-32;"CONTRATAÇÃO DOS SERVIÇOS TÉCNICOS DE SUPERVISÃO PARA EXECUÇÃO DOS REMANESCENTES DAS OBRAS DE DUPLICAÇÃO, IMPLANTAÇÃO DE VIAS LATERAIS, ADEQUAÇÃO DE CAPACIDADE E RESTAURAÇÃO COM MELHORAMENTOS DA RODOVIA E DAS OBRAS DE ARTE ESPECIAIS NA BR-116/BA - LOTE 5; TRECHO: DIV. PE/BA (IBÓ) - DIV. BA/MG; SUBTRECHO: ENTR. BA-408 (ARACI) – ENTR. BA-504 (P/ SANTANÓPOLIS); SEGMENTO: KM 334,23 AO KM 387,41; EXTENSÃO: 53,18 KM,";DNIT-DEPARTAMENTO NACIONAL DE INFRAEST DE TRANSPORTES;Salvador;BA;Concorrência - Eletrônica;https://pncp.gov.br/contratos/04892707000100/2025/904
2432;60509015000101-2-001961/2025;CONSTRUTORA MAXFOX LTDA;10.213.438/0001-01;"CONTRATAÇÃO DE SERVIÇOS ESPECIALIZADOS DE OBRAS E SERVIÇOS DE ARQUITETURA E ENGENHARIA – CONSTRUÇÃO DE PRÉDIO ESCOLAR

TERRENO B. VITAPOLIS

RUA NELSON FERREIRA DA COSTA, 780 JARDIM VITAPOLIS - ITAPEVI-SP";FUNDACAO PARA O DESENVOLVIMENTO DA EDUCACAO;São Paulo;SP;Concorrência - Eletrônica;https://pncp.gov.br/contratos/60509015000101/2025/1961
8;47999864000122-2-000005/2026;TREZENTOS60 OBRAS LTDA;23.104.505/0001-00;CONTRATAÇÃO DE SERVIÇOS COMUNS DE ENGENHARIA, COM FORNECIMENTO DE MATERIAIS E MÃO-DE-OBRA, OBJETIVANDO A ADEQUAÇÃO DE LAYOUT DA NOVA SEDE DA CONTROLADORIA GERAL DO ESTADO – CGE-SP;ESP-CONTROLADORIA GERAL DO ESTADO;São Paulo;SP;Pregão - Eletrônico;https://pncp.gov.br/contratos/47999864000122/2026/5
1;46384400000149-2-000056/2025;CONSÓRCIO MOB ROTAS RURAIS;58.837.300/0001-00;"PRESTAÇÃO DE SERVIÇOS DE ENGENHARIA NAS ATIVIDADES DE APOIO AO GERENCIAMENTO, FISCALIZAÇÃO E SERVIÇOS COMPLEMENTARES NECESSÁRIOS, ENTRE OUTROS, AO ACOMPANHAMENTO DE OBRAS PÚBLICAS; FISCALIZAÇÕES DE OBRAS; MEDIÇÕES DE OBRAS; DETALHAMENTO E/OU REVISÃO DE PROJETOS; ASSESSORIA TÉCNICA ESPECIALIZADA, APOIO À SUPERVISÃO DAS OBRAS E FAZER CUMPRIR OS CONTRATOS FIRMADOS ENTRE A SECRETARIA DE AGRICULTURA E ABASTECIMENTO E AS EMPRESAS CONTRATADAS PARA EXECUÇÃO DAS OBRAS DE ADEQUAÇÃO E CONSERVAÇÃO DE ESTRADAS RURAIS EM MUNICÍPIOS DO ESTADO DE SÃO PAULO.";SECRETARIA DE AGRICULTURA E ABASTECIMENTO;São Paulo;SP;Concorrência - Eletrônica;https://pncp.gov.br/contratos/46384400000149/2025/56
28;13885231000171-2-000029/2026;PORTO CONSTRUTORA E TERRAPLANAGEM LTDA;36.364.039/0001-35;CONTRATAÇÃO DE EMPRESA ESPECIALIZADA PARA PRESTAÇÃO DE SERVIÇOS DE ENGENHARIA NA EXECUÇÃO DE PAVIMENTAÇÃO EM PARALELEPÍPEDO E PISO INTERTRAVADO DE VIAS PÚBLICAS NA SEDE, NO PALAME, DISTRITOS E POVOADOS DO MUNICÍPIO DE ESPLANADA – BAHIA;MUNICIPIO DE ESPLANADA;Esplanada;BA;Concorrência - Eletrônica;https://pncp.gov.br/contratos/13885231000171/2026/29
7;26474056000171-2-000188/2025;CONSTRUTORA PENTAGONO LTDA;34.145.847/0001-86;CONTRATAÇÃO DE SERVIÇOS DE EMPRESA ESPECIALIZADA DE ARQUITETURA, ENGENHARIA E RESTAURAÇÃO PARA EXECUÇÃO DAS OBRAS DE RESTAURAÇÃO DA CASA DE CÂMARA E CADEIA DE MARAGOGIPE, MUNICÍPIO DE MARAGOGIPE/BA.;INSTITUTO DO PATRIMONIO HISTORICO E ARTISTICO NACIONAL;Salvador;BA;Concorrência - Eletrônica;https://pncp.gov.br/contratos/26474056000171/2025/188
35;13394044000195-2-000042/2026;LIGA ENGENHARIA LTDA;15.270.565/0001-66;O objeto do presente a Contratação de Empresa Especializada em Obras e Serviços de Engenharia para a requalificação dos pavimentos e do sistema de drenagem, no Município de Dias d’Ávila– BA.;MUNICIPIO DE DIAS D'AVILA;Dias d'Ávila;BA;Concorrência - Eletrônica;https://pncp.gov.br/contratos/13394044000195/2026/42
112;14126981000122-2-000072/2025;TRACON TRANSPORTES ESPECIALIZADOS LOCAÇÃO E CONSTRUÇÃO – EIRELI;07.346.923/0001-49;CONTRATAÇÃO DE PESSOA JURÍDICA PARA PRESTAÇÃO DE SERVIÇOS DE ENGENHARIA PARA CONSTRUÇÃO DE ESPAÇO EDUCATIVO PADRÃO FNDE DE 13 (TREZE) SALAS NO MUNICÍPIO DE ENTRE RIOS – BAHIA, CONFORME PROPOSTA NUMERO 004576/2024;MUNICIPIO DE ENTRE RIOS;Entre Rios;BA;Concorrência - Eletrônica;https://pncp.gov.br/contratos/14126981000122/2025/72
053/2026;14222574000119-2-000015/2026;MMS CONSTRUCOES E SERVICOS EM OBRAS DE URBANIZACAO LTDA;33.738.837/0001-91;[LICITANET] - [LICITANET] - Concorrência eletrônica, para registro de preço, de empresa de engenharia para execução de drenagem e pavimentação em paralelepípedo em diversos trechos do bairro Baldez, no município de Conceição do Jacuípe-BA;MUNICIPIO DE CONCEICAO DO JACUIPE;Conceição do Jacuípe;BA;Concorrência - Eletrônica;https://pncp.gov.br/contratos/14222574000119/2026/15
0124/2026;14217327000124-2-000111/2026;ENGELIMA CONSTRUÇÕES E SERVIÇOS LTDA;07.152.223/0001-13;CONTRATAÇÃO DE EMPRESA ESPECIALIZADA EM OBRAS DE ENGENHARIA PARA A EXECUÇÃO DA CONSTRUÇÃO DE UMA ESCOLA PADRÃO FNDE – 13 SALAS, SITUADA NA RUA MARECHAL HERMES DA FONSECA, S/N, BAIRRO CARDEAL BRANDÃO VILELA, MUNICÍPIO DE PAULO AFONSO – BA, CONFORME PROJETOS, MEMORIAIS E DEMAIS DOCUMENTOS TÉCNICOS FORNECIDOS.;MUNICIPIO DE PAULO AFONSO;Paulo Afonso;BA;Concorrência - Eletrônica;https://pncp.gov.br/contratos/14217327000124/2026/111
247;13908702000110-2-000195/2025;IMPACTO AMBIENTAL LTDA.;03.935.550/0001-90;Constitui objeto do presente instrumento a contratação de empresa para EXECUÇÃO DE OBRAS E SERVIÇOS DE ENGENHARIA, VOLTADOS À CONSTRUÇÃO DE ESCOLA EM TEMPO INTEGRAL DE 13 SALAS, PADRÃO FNDE, NO DISTRITO DE TIQUARA NO MUNICÍPIO DE CAMPO FORMOSO – BA;MUNICIPIO DE CAMPO FORMOSO;Campo Formoso;BA;Concorrência - Eletrônica;https://pncp.gov.br/contratos/13908702000110/2025/195
131;14215826000182-2-000123/2025;CONSTRUSETE CONSTRUTORA LTDA;13.438.063/0001-76;Contratação de empresa especializada em obras e serviços de engenharia para a execução da implantação de uma Passagem Molhada na comunidade de Quixaba, localizada na zona rural do Município de Paripiranga – BA.;MUNICIPIO DE PARIPIRANGA;Paripiranga;BA;Concorrência - Eletrônica;https://pncp.gov.br/contratos/14215826000182/2025/123
26;46634333000173-2-000004/2026;CONSTRUZEIYN ENGENHARIA LTDA;29.466.485/0001-95;"A Contratada obriga-se a prestar Serviços Técnicos Especializados para construção da Escola Municipal Pública de 9 salas, padrão FNDE (novo PAC), São Miguel Arcanjo- SP, Coordenadas: 23°89'10.2""S, 47°98'33.6""O, nestes inclusos a infraestrutura necessária, com fornecimento de mão-de-obra, materiais e equipamentos necessários, conforme especificações e quantitativos contidos no ANEXO I, do edital da CONCORRÊNCIA ELETRÔNICA N.º 02/2025.";MUNICIPIO DE SAO MIGUEL ARCANJO;São Miguel Arcanjo;SP;Concorrência - Eletrônica;https://pncp.gov.br/contratos/46634333000173/2026/4
43;14197586000130-2-000045/2026;PEROLI ENGENHARIA LTDA;17.275.476/0001-38;"Contratação de empresa especializada para executar serviços comuns de engenharia, compreendendo serviços de manutenção predial. reformas e reparos estruturais, obras de requalificação e demais intervenções correlatas, com fornecimento de materiais, equipamentos e mão de obra qualificada, mediante aplicação de percentual de desconto único e fixo sobre os preços unitários da Tabela SINAPI vigente, visando atender às necessidades de infraestrutura, manutenção e melhorias no âmbito do Município de Jacobina/BA. via adesão a ata de registro de preço, conforme especificações e quantitativos estabelecidos no Termo de Referência. 

1.2.	Este Termo de Contrato vincula-se ao termo de adesão n. 001/2026, identificado no preâmbulo e na Ata de Registro de Preço nº 001/2025, gerada do Pregão Eletrônico nº 038/2025, do Município de Riachão das Neves/BA, de   aderida, assim como ETP constante do processo, independentemente de transcrição";MUNICIPIO DE JACOBINA;Jacobina;BA;Pregão - Eletrônico;https://pncp.gov.br/contratos/14197586000130/2026/45
0022/26;46634168000150-2-000016/2026;NOVA DIMENSAO ENGENHARIA LTDA;02.086.562/0001-25;Contratação de empresa especializada para fornecimento de mão de obra, materiais, máquinas, equipamentos e serviços para obras de drenagem.;MUNICIPIO DE AVARE;Avaré;SP;Concorrência - Eletrônica;https://pncp.gov.br/contratos/46634168000150/2026/16
693/2025;13913371000106-2-000629/2025;LM SERVICOS DE ENGENHARIA EIRELI;37.452.815/0001-11;TERMO DE CONTRATO DE EXECUÇÃO DE OBRAS QUE ENTRE SI FAZEM O MUNICÍPIO DE MIRANGABA, BAHIA E A EMPRESA LM SERVIÇOS DE ENGENHARIA LTDA;MUNICIPIO DE MIRANGABA;Mirangaba;BA;Concorrência - Eletrônica;https://pncp.gov.br/contratos/13913371000106/2025/629
311;13908702000110-2-000231/2025;CONSTRUSETE CONSTRUTURA LTDA.;13.438.063/0001-76;CONTRATAÇÃO DE EMPRESA ESPECIALIZADA PARA EXECUÇÃO DE OBRAS E SERVIÇOS DE ENGENHARIA VOLTADOS À CONSTRUÇÃO DO CENTRO DE COMERCIALIZAÇÃO DE PRODUTOS ASSOCIADOS AO TURISMO, (SHOPPING DO GARIMPEIRO), NO MUNICÍPIO     DE CAMPO FORMOSO-BA;MUNICIPIO DE CAMPO FORMOSO;Campo Formoso;BA;Concorrência - Eletrônica;https://pncp.gov.br/contratos/13908702000110/2025/231
52;45290418000119-2-001018/2025;ERA-TECNICA ENGENHARIA CONSTRUCOES E SERVICOS LTDA;65.035.222/0001-95;O objeto da presente licitação é execução de serviços de Pavimentação da Estrada Municipal Manoel Lopes de Carvalho (Mané Soldado), com fornecimento de materiais e mão de obra, para atender as necessidades da secretaria de obras e projetos do município de Joanópolis, conforme especificações contidas no Anexo 1 – Memorial Descritivo e seus anexos.;MUNICIPIO DE  JOANOPOLIS;Joanópolis;SP;Concorrência - Eletrônica;https://pncp.gov.br/contratos/45290418000119/2025/1018
134;46523015000135-2-000211/2025;SM CONSTRUÇÕES LTDA.;12.387.134/0001-96;CONTRATAÇÃO DE EMPRESA ESPECIALIZADA EM SERVIÇOS DE ENGENHARIA ELÉTRICA PARA MANUTENÇÃO CORRETIVA E ASSISTÊNCIA TÉCNICA EM CABINES PRIMÁRIAS DAS UNIDADES PERTENCENTES À PREFEITURA MUNICIPAL DE BARUERI, NOMEADAMENTE AOS PRÓPRIOS PÚBLICOS E UNIDADES ESCOLARES EMEF(s) E EMEIEF(s), CONFORME MEMORIAL DESCRITIVO;MUNICIPIO DE BARUERI;Barueri;SP;Pregão - Eletrônico;https://pncp.gov.br/contratos/46523015000135/2025/211
43;82928698000174-2-000903/2025;PAVIMENTAR ENGENHARIA E CONSTRUÇÕES LTDA;29.095.199/0001-60;CONTRATAÇÃO DE PESSOA JURIDICA PARA A EXECUÇÃO DE SERVIÇOS DE TERRAPLANAGEM, DRENAGEM, PAVIMENTAÇÃO ASFÁLTICA E SINALIZAÇÃO.;MUNICIPIO DE JAGUARUNA;Jaguaruna;SC;Concorrência - Eletrônica;https://pncp.gov.br/contratos/82928698000174/2025/903
1094;83102459000123-2-002984/2025;PAVIPLAN PAVIMENTACAO LTDA.;03.620.927/0001-12;Contratação de pessoa jurídica para prestação de serviços de engenharia, com fornecimento de materiais e mão de obra para pavimentação asfáltica, serviços preliminares, terraplenagem, drenagem pluvial, obras complementares e sinalização viária, na Estrada Municipal JGS 587 – Vendelin Schmidt na localidade Jaraguazinho, com extensão total de 5.570,00 m (cinco mil quinhentos e setenta metros), em conformidade com o Estudo Técnico Preliminar, Projetos, Memorial Descritivo (Termo de Referência) e Planilha Orçamentária/Quantitativa e demais dispositivos e anexos deste edital. SEI: 0206020000.001323/2025-41;MUNICIPIO DE JARAGUA DO SUL;Jaraguá do Sul;SC;Concorrência - Eletrônica;https://pncp.gov.br/contratos/83102459000123/2025/2984
43;48664304000180-2-001737/2025;ARCON ENGENHARIA E SERVICOS LTDA;20.608.820/0001-78;CONTRATACAO DE EMPRESA ESPECIALIZADA EM SERVICOS DE ENGENHARIA COM FORNECIMENTO DE MATERIAL E MAO DE OBRA  PARA EXECUCAO DE OBRAS NO BAIRRO RESIDENCIAL LUIZ CARLOS SANTIN   GUARIBA SP  NA RUA GERALDO GONCALVES SANTANA  N 300  CONTEMPLANDO  LOTE 1   CONSTRUCAO DE ESCOLA DE TEMPO INTEGRAL  PADRAO FNDE  9 SALAS   COM AREA DE 3.589 39 M    LOTE 2   ADEQUACOES NECESSARIAS NO TERRENO E INSTALACAO DE EQUIPAMENTOS PARA IMPLANTACAO DA UNIDADE ESCOLAR.;MUNICIPIO DE GUARIBA;Guariba;SP;Concorrência - Eletrônica;https://pncp.gov.br/contratos/48664304000180/2025/1737
114;46248837000155-2-000043/2024;RENOVA SERVIÇOS DE SANE;11.063.911/0001-84;Contratação de empresa especializada do ramo de engenharia para execução de obras de substituição de redes antigas de distribuição de água potável, construídas em ferro fundido e cimento amianto, por redes novas em PEAD, empregando no processo construtivo o Método Não Destrutivo (MND), a ser realizada nos bairros Vila Polar e Vila Santa Terezinha, na cidade de Vargem Grande do Sul – SP;MUNICIPIO DE VARGEM GRANDE DO SUL;Vargem Grande do Sul;SP;Concorrência - Eletrônica;https://pncp.gov.br/contratos/46248837000155/2024/43
18101;46319000000150-2-000813/2025;MACOR ENGENHARIA CONSTRUCOES E COMERCIO S.A;57.646.374/0001-04;EXECUÇÃO DE OBRA DE CONTENÇÃO DE MARGEM DE CÓRREGO, LOCALIZADO PRÓXIMO A RUA PANAIR – VILA RIO DE JANEIRO – GUARULHOS/SP.;MUNICIPIO DE GUARULHOS;Guarulhos;SP;Dispensa;https://pncp.gov.br/contratos/46319000000150/2025/813
050/2025;13927819000140-2-000006/2025;QG CONSTRUÇÕES E ENGENHARIA LTDA;05.647.206/0001-21;PRESTAÇÃO DE SERVIÇOS DE LIMPEZA DE CANAIS, LIMPEZA DE OBRAS DE ARTE CORRENTES E RECUPERAÇÃO DE TRECHOS DANIFICADOS NO MUNICÍPIO DE LAURO DE FREITAS/BA.;MUNICIPIO DE LAURO DE FREITAS;Lauro de Freitas;BA;Concorrência - Eletrônica;https://pncp.gov.br/contratos/13927819000140/2025/6
2-802;13650403000128-2-000670/2025;HUAI ENGENHARIA COMERCIO E SERVICOS LTDA;06.934.119/0002-07;Contratação de empresa especializada em execução de obras de pavimentação e requalificação de diversas vias em concreto simples moldado in loco e a execução de lombadas em concreto simples, no município de Teixeira de Freitas/BA, em conformidade com o Termo de Referência, Planilha Orçamentária, Edital licitatório Concorrência Eletrônica n.º 005-2025, e nas condições estabelecidas neste instrumento.;MUNICIPIO DE TEIXEIRA DE FREITAS;Teixeira de Freitas;BA;Concorrência - Eletrônica;https://pncp.gov.br/contratos/13650403000128/2025/670
582;13915632000127-2-000452/2025;BULOKE CONSTRUCAO E SERVICOS LTDA;32.464.110/0001-09;"CONTRATAÇÃO DE EMPRESA ESPECIALIZADA EM ENGENHARIA
PARA A EXECUÇÃO DE OBRAS DE PAVIMENTAÇÃO EM CONCRETO USINADO POLIDO ESTAMPADO EM DIVERSOS LOGRADOUROS DO MUNICÍPIO DE JUAZEIRO/BA.";MUNICIPIO DE JUAZEIRO;Juazeiro;BA;Concorrência - Eletrônica;https://pncp.gov.br/contratos/13915632000127/2025/452
058/2024;13809397000109-2-000011/2024;CONSTRUTORA BOA VISTA LTDA;52.020.629/0001-05;Contratação de pessoa juridica especializada em obras e serviços de engenharia visando a construção de unidade escolar com 09 (nove) salas de aula, térrea, padrão FNDE no Bairro Vila Operária, sede do Município de Ribeira do Pombal/BA.;MUNICIPIO DE RIBEIRA DO POMBAL;Ribeira do Pombal;BA;Concorrência - Eletrônica;https://pncp.gov.br/contratos/13809397000109/2024/11
118;49269236000117-2-000094/2025;PENTAGONO SERVICOS DE ENGENHARIA CIVIL E CONSULTORIA LTDA;47.026.679/0001-51;"CONTRATAÇÃO DE EMPRESA PARA MONITORAMENTO TÉCNICO “IN LOCO” DAS OBRAS E SERVIÇOS DE INFRAESTRUTURA URBANA REALIZADOS POR CONCESSIONÁRIAS E PERMISSIONÁRIAS NAS VIAS PÚBLICAS DO MUNICÍPIO DE SÃO PAULO, COM APOIO DE SISTEMA INFORMATIZADO DE OTIMIZAÇÃO QUE POSSIBILITE O REGISTRO, O CONTROLE E A ANÁLISE DAS INTERVENÇÕES, ASSEGURANDO A CONFORMIDADE COM AS NORMAS
TÉCNICAS E REGULAMENTAÇÕES MUNICIPAIS VIGENTES.";SECRETARIA MUNICIPAL DAS SUBPREFEITURAS;São Paulo;SP;Concorrência - Eletrônica;https://pncp.gov.br/contratos/49269236000117/2025/94
44;83845701000159-2-000034/2025;Estel Engenharia Ltda;82.144.338/0001-81;Contratação de serviços continuados de engenharia e arquitetura, relacionados à elaboração de projetos destinados a obras de reforma, ampliação ou construção de novas edificações para o PJSC, no regime de empreitada por preço unitário, em consonância com a Resolução n. 114/2010 do Conselho Nacional de Justiça, com as especificações técnicas descritas no projeto básico e seus anexos.;SANTA CATARINA TRIBUNAL DE JUSTICA;Florianópolis;SC;Concorrência - Eletrônica;https://pncp.gov.br/contratos/83845701000159/2025/34
2201;83779462000186-2-000001/2026;FREEDOM ENGENHARIA E CONSTRUÇÃO LTDA.;03.453.030/0001-41;Contratação de empresa especializada na prestação de serviços comuns de engenharia, para a execução de serviços de recomposição de pavimentação asfáltica em geral na rede do Sistema Rodoviário Municipal (tapa-buraco) e a execução de recomposição de pavimentação asfáltica em obras de implantação novas e substituição de redes e adutoras, novas ligações domiciliares, mudança de ligações, interligações e intervenções nas redes de abastecimento de água do Sistema Rodoviário Municipal de Blumenau, de acordo com especificações, quantitativos e condições estabelecidas nesse documento;SERVICO AUTONOMO MUNICIPAL DE AGUA E ESGOTO;Blumenau;SC;Pregão - Eletrônico;https://pncp.gov.br/contratos/83779462000186/2026/1
14;83102459000123-2-000138/2026;INFRASUL - INFRAESTRUTURA E EMPREENDIMENTOS LTDA;03.094.645/0001-29;Contratação de pessoa jurídica para prestação de serviços de engenharia, com fornecimento de materiais e mão de obra para pavimentação asfáltica, serviços preliminares, terraplenagem, drenagem pluvial, obras complementares e sinalização viária, na Rua 1197 – Osvaldo Ehlert, no bairro Rio da Luz e Estrada Municipal JGS 489 – Erico Oto Hornburg na localidade Rio da Luz Vitória, com extensão total de 4.180,00 m (quatro mil cento e oitenta metros), em conformidade com o Estudo Técnico Preliminar, Projetos, Memorial Descritivo (Termo de Referência) e Planilha Orçamentária/Quantitativa e demais dispositivos e anexos deste edital. SEI: 0206020000.000044/2026-41;MUNICIPIO DE JARAGUA DO SUL;Jaraguá do Sul;SC;Concorrência - Eletrônica;https://pncp.gov.br/contratos/83102459000123/2026/138
17;13698782000126-2-000017/2026;MASTER SERVICOS, LIMPEZA E LOCACOES LTDA;13.183.588/0001-08;[LICITANET] - CONTRATAÇÃO DE EMPRESA ESPECIALIZADA EM OBRAS E SERVIÇOS DE ENGENHARIA PARA A EXECUÇÃO DA CONSTRUÇÃO DE UNIDADES HABITACIONAIS, NO ÂMBITO DO PROGRAMA MINHA CASA, MINHA VIDA – MCMV SUB-50, NO MUNICÍPIO DE QUIJINGUE/BA, CONFORME TERMO DE COMPROMISSO Nº 974429/2024/MCIDADES/CAIXA, ABRANGENDO A EXECUÇÃO INTEGRAL DOS SERVIÇOS PREVISTOS NOS PROJETOS BÁSICOS E EXECUTIVOS APROVADOS, INCLUINDO FORNECIMENTO DE MATERIAIS, MÃO DE OBRA, EQUIPAMENTOS E DEMAIS INSUMOS NECESSÁRIOS, OBSERVADAS AS CONDIÇÕES, QUANTIDADES, ESPECIFICAÇÕES TÉCNICAS E EXIGÊNCIAS ESTABELECIDAS NO TERMO DE REFERÊNCIA, NO EDITAL DE LICITAÇÃO E NOS NORMATIVOS DA CAIXA ECONÔMICA FEDERAL, CONFORME CONDIÇÕES, QUANTIDADES E EXIGÊNCIAS ESTABELECIDAS NESTE EDITAL E NO TERMO DE REFERÊNCIA.;MUNICIPIO DE QUIJINGUE;Quijingue;BA;Concorrência - Eletrônica;https://pncp.gov.br/contratos/13698782000126/2026/17
656;46374500000194-2-019610/2025;CAMALEAO ENGENHARIA LTDA;41.569.982/0001-14;SERVIÇOS DE RECUPERAÇÃO, ADEQUAÇÃO E REPARAÇÃO DE BENS IMÓVEIS E INFRAESTRUTURAS DA FUNDAÇÃO;SECRETARIA DE ESTADO DA SAUDE;Guarulhos;SP;Pregão - Eletrônico;https://pncp.gov.br/contratos/46374500000194/2025/19610
42;96291141000180-2-007859/2025;NOBRE CORREIA ENGENHARIA E CONSTRUCAO LTDA;11.517.376/0001-94;EXECUÇÃO DE OBRAS E SERVIÇOS DE REFORMA DA SEDE.;SAO PAULO SECRETARIA DA ADMINISTRACAO PENITENCIARIA;São Paulo;SP;Concorrência - Eletrônica;https://pncp.gov.br/contratos/96291141000180/2025/7859
413;13646005000138-2-000318/2025;GP ENGENHARIA E TOPOGRAFIA LTDA ;26.519.752/0001-57;a CONTRATAÇÃO DE EMPRESA PARA EXECUÇÃO DE SERVIÇOS GEOTÉCNICOS, TOPOGRAFICOS E ELABORAÇÃO DE ARTEFATOS PARA O PLANEJAMENTO DE CONTRATAÇÃO DE OBRAS, COMPREENDENDO O PROGRAMA DE NECESSIDADES, O ESTUDO DE VIABILIDADE, O ANTEPROJETO, O PROJETO BÁSICO E O PROJETO EXECUTIVO PARA IMPLANTAÇÃO DE PROJETOS ESTRUTURANTES NO MUNÍCIPIO DE ALAGOINHAS NO ESTADO DA BAHIA;MUNICIPIO DE ALAGOINHAS;Alagoinhas;BA;Concorrência - Eletrônica;https://pncp.gov.br/contratos/13646005000138/2025/318
20;82892324000146-2-000054/2026;CONQUISTAR SERVICOS E CONTRUCAO LTDA;28.468.873/0001-42;CONTRATAÇÃO DE EMPRESA ESPECIALIZADA EM EXECUÇÃO DE OBRAS DE ENGENHARIA, PAVIMENTAÇÃO, DRENAGEM, CALÇADAS, CICLOVIA, REFORMA DO PORTAL DE ENTRADA DA CIDADE E SINALIZAÇÃO VIÁRIA, PARA REVITALIZAÇÃO URBANA DAS RUAS INTENDENTE LEOPOLDO BROERING, RUA NATIVIDADE E RUA SANTANA, LOCALIZADAS NOS BAIRROS VILA BECKER E CENTRO, SANTO AMARO DA IMPERATRIZ/SC, INCLUINDO FORNECIMENTO DE MATERIAIS, MÃO DE OBRA, EQUIPAMENTOS, INSUMOS E DEMAIS SERVIÇOS NECESSÁRIOS, PARA ATENDER A DEMANDA DA SECRETARIA MUNICIPAL DE INFRAESTRUTURA.;MUNICIPIO DE SANTO AMARO DA IMPERATRIZ;Santo Amaro da Imperatriz;SC;Concorrência - Eletrônica;https://pncp.gov.br/contratos/82892324000146/2026/54
jan/26;44733608000109-2-000002/2026;Corpus Saneamento e Obras Ltda.;31.733.363/0008-36;Contratação de empresa de engenharia para prestação de serviços de manutenção predial e zeladoria em infraestruturas de prédios públicos, com vigência do contrato de 12 (doze) meses.;MUNICIPIO DE INDAIATUBA;Indaiatuba;SP;Pregão - Eletrônico;https://pncp.gov.br/contratos/44733608000109/2026/2
116;49269236000117-2-000092/2025;PENTAGONO SERVICOS DE ENGENHARIA CIVIL E CONSULTORIA LTDA;47.026.679/0001-51;"CONTRATAÇÃO DE EMPRESA PARA MONITORAMENTO TÉCNICO “IN LOCO” DAS OBRAS E SERVIÇOS DE INFRAESTRUTURA URBANA REALIZADOS POR CONCESSIONÁRIAS E PERMISSIONÁRIAS NAS VIAS PÚBLICAS DO MUNICÍPIO DE SÃO PAULO, COM APOIO DE SISTEMA INFORMATIZADO DE OTIMIZAÇÃO QUE POSSIBILITE O REGISTRO, O CONTROLE E A ANÁLISE DAS INTERVENÇÕES, ASSEGURANDO A CONFORMIDADE COM AS NORMAS
TÉCNICAS E REGULAMENTAÇÕES MUNICIPAIS VIGENTES.";SECRETARIA MUNICIPAL DAS SUBPREFEITURAS;São Paulo;SP;Concorrência - Eletrônica;https://pncp.gov.br/contratos/49269236000117/2025/92
117;49269236000117-2-000093/2025;CONCREMAT ENGENHARIA E TECNOLOGIA S/A;33.146.648/0001-20;"CONTRATAÇÃO DE EMPRESA PARA MONITORAMENTO TÉCNICO “IN LOCO” DAS OBRAS E SERVIÇOS DE INFRAESTRUTURA URBANA REALIZADOS POR CONCESSIONÁRIAS E PERMISSIONÁRIAS NAS VIAS PÚBLICAS DO MUNICÍPIO DE SÃO PAULO, COM APOIO DE SISTEMA INFORMATIZADO DE OTIMIZAÇÃO QUE POSSIBILITE O REGISTRO, O CONTROLE E A ANÁLISE DAS INTERVENÇÕES, ASSEGURANDO A CONFORMIDADE COM AS NORMAS
TÉCNICAS E REGULAMENTAÇÕES MUNICIPAIS VIGENTES.";SECRETARIA MUNICIPAL DAS SUBPREFEITURAS;São Paulo;SP;Concorrência - Eletrônica;https://pncp.gov.br/contratos/49269236000117/2025/93
43;83102806000118-2-001074/2025;TERRABASE TERRAPLENAGEM LTDA;12.535.370/0001-02;CONTRATAÇÃO DE PESSOA(S) JURÍDICA(S) PARA PRESTAÇÃO DE SERVIÇOS DE ENGENHARIA COM FORNECIMENTO DE MATERIAIS, EQUIPAMENTOS E MÃO DE OBRA PARA A OBRA DE PAVIMENTAÇÃO ASFÁLTICA, DRENAGEM E SINALIZAÇÃO (LOTE 01) E PAVIMENTAÇÃO EM LAJOTAS SEXTAVADAS, DRENAGEM E SINALIZAÇÃO (LOTE 02), EM CONFORMIDADE COM O PROJETO BÁSICO, MEMORIAL DESCRITIVO E DEMAIS ANEXOS DO EDITAL;MUNICIPIO DE RIO DOS CEDROS;Rio dos Cedros;SC;Concorrência - Eletrônica;https://pncp.gov.br/contratos/83102806000118/2025/1074
1450;60509015000101-2-000801/2025;JNB CONSTRUCOES E SERVICOS LTDA;47.061.699/0001-63;SERVIÇOS ESPECIALIZADOS DE OBRAS E SERVIÇOS DE ARQUITETURA E ENGENHARIA – REFORMA DO PRÉDIO ESCOLAR;FUNDACAO PARA O DESENVOLVIMENTO DA EDUCACAO;São Paulo;SP;Concorrência - Eletrônica;https://pncp.gov.br/contratos/60509015000101/2025/801
286;82777301000190-2-002880/2025;CONSTRUTORA D. BRANGER LTDA;34.448.864/0001-92;Contratação de Empresa de engenharia/arquitetura para execução dos serviços de terraplanagem, drenagem e obras correntes, pavimentação em asfalto, urbanísticos e sinalização para AV. Aristeu Rodolfo, Rua Clélio Miola e Rua Heliodoro Muniz – Bairro Área Industrial, no município de Lages-SC;MUNICIPIO DE LAGES;Lages;SC;Concorrência - Eletrônica;https://pncp.gov.br/contratos/82777301000190/2025/2880
16601;46319000000150-2-001063/2025;REP ENGENHARIA E SERVICOS LTDA;36.157.982/0001-77;Elaboração de estudos, projetos e execução de obras de construção da UBS Acácio;MUNICIPIO DE GUARULHOS;Guarulhos;SP;Concorrência - Eletrônica;https://pncp.gov.br/contratos/46319000000150/2025/1063
22915;43052497000102-2-000023/2026;DGB ENGENHARIA E CONSTRUCOES LTDA;61.608.477/0001-49;CONTRATAÇÃO DAS OBRAS E SERVIÇOS DE INTERVENÇÃO E MELHORIAS DO DISPOSITIVO LOCALIZADO NO TRECHO ENTRE O KM 10 E KM 12, DA RODOVIA SP 379, MUNICÍPIO DE IBIRÁ;DEPARTAMENTO DE ESTRADAS DE RODAGEM;São Paulo;SP;Concorrência - Eletrônica;https://pncp.gov.br/contratos/43052497000102/2026/23
097-2025;13892187000127-2-000058/2025;Empresa ECOLOGICO, LOCAÇÃO E SERVIÇOS TERRAPLANAGEM LTDA;10.516.833/0001-63;Contratação de empresa de engenharia para execução de obras/serviços de PAVIMENTAÇÃO E TRATAMENTO PRIMÁRIO DE ESTRADAS RURAIS NO MUNICÍPIO DE NOVA ITARANA - BAHIA;MUNICIPIO DE NOVA ITARANA;Nova Itarana;BA;Concorrência - Eletrônica;https://pncp.gov.br/contratos/13892187000127/2025/58
SCL005;45141132000171-2-000016/2026;Construmedici Engenharia e Comércio Ltda.;46.044.392/0001-91;Execução das obras de construção de 40 (quarenta) unidades habitacionais no município de José Bonifácio, a serem implantadas nas Ruas Elias Jorge Fagali e Abílio Catelan, no loteamento Luiz Antônio Capobianco, no âmbito do Programa Minha Casa Minha Vida – FNHIS – Sub50, vinculado ao Programa de Aceleração do Crescimento – PAC do Governo Federal, mediante Termo de Compromisso nº 992002/2025, Operação nº 1106385-82, firmado entre a União, por intermédio do Ministério das Cidades, representado pela Caixa Econômica Federal e o Município de José Bonifácio, de acordo com os documentos elaborados pelo Serviço de Obras e Engenharia Municipal;MUNICIPIO DE JOSE BONIFACIO;José Bonifácio;SP;Concorrência - Presencial;https://pncp.gov.br/contratos/45141132000171/2026/16
31;46377800000127-2-009495/2025;LMM ENGENHARIA E SERVICOS LTDA;44.626.011/0001-57;CONTRATAÇÃO DE EMPRESA ESPECIALIZADA NA EXECUÇÃO DE OBRAS PARA REFORMA E ADEQUAÇÃO DO CENTRO DE OPERAÇÕES DA POLÍCIA MILITAR (COPOM), DO COMANDO DE POLICIAMENTO DO INTERIOR SETE (CPI7), CONFORME DETALHAMENTO E ESPECIFICAÇÕES TÉCNICAS DESTE INSTRUMENTO, DO TERMO DE REFERÊNCIA Nº SSP-003/NTE/24 E SEUS APENSOS.;SAO PAULO SECRETARIA DA SEGURANCA PUBLICA;São Paulo;SP;Concorrência - Eletrônica;https://pncp.gov.br/contratos/46377800000127/2025/9495
2183;60509015000101-2-001478/2025;LOPES STAUDT ENGENHARIA LTDA;34.998.767/0001-73;Serviços Especializados de Obras e Serviços de Arquitetura e Engenharia – AMPLIAÇÃO DE SALAS DE AULA E SERVIÇOS COMPLEMENTARES,;FUNDACAO PARA O DESENVOLVIMENTO DA EDUCACAO;São Paulo;SP;Concorrência - Eletrônica;https://pncp.gov.br/contratos/60509015000101/2025/1478
1190;60509015000101-2-000674/2025;CONSTRUMIK COMERCIO E CONSTRUCAO LTDA;58.092.891/0001-33;SERVIÇOS ESPECIALIZADOS DE ENGENHARIA – AMPLIAÇÃO (CONSTRUÇÃO) / SERVIÇOS COMPLEMENTARES DE PRÉDIOS ESCOLARES;FUNDACAO PARA O DESENVOLVIMENTO DA EDUCACAO;São Paulo;SP;Concorrência - Eletrônica;https://pncp.gov.br/contratos/60509015000101/2025/674
119;67995027000132-2-000059/2025;CONSÓCIO SUPERVISOR  MPO ;60.332.043/0001-04;Contratação de empresa de engenharia especializada para a prestação de serviços técnicos para apoio ao Gerenciamento e Supervisão de Obras do “Programa de Desenvolvimento Urbano Sustentável, Preservação Ambiental e Modernização do Município de Hortolândia – PDUSPAM/Hortolândia-SP”.;MUNICIPIO DE HORTOLANDIA;Hortolândia;SP;Concorrência - Presencial;https://pncp.gov.br/contratos/67995027000132/2025/59
128;13904420000144-2-000124/2025;PRISA LOCACAO E SERVICOS - LTDA;01.879.922/0001-83;CONTRATAÇÃO DE EMPRESA ESPECIALIZADA EM OBRAS E SERVIÇOS DE ENGENHARIA PARA EXECUÇÃO DE OBRA PARA CONSTRUÇÃO DE CRECHE PRÓ INFÂNCIA 01 PADRÃO FNDE NO MUNICIPIO DE NOVA SOURE, ESTADO DA BAHIA.;MUNICIPIO DE NOVA SOURE;Nova Soure;BA;Concorrência - Eletrônica;https://pncp.gov.br/contratos/13904420000144/2025/124
16401;46319000000150-2-000603/2025;REP ENGENHARIA E SERVICOS LTDA;36.157.982/0001-77;ELABORAÇÃO DE ESTUDOS, PROJETOS E EXECUÇÃO DE OBRAS DE CONSTRUÇÃO DA UBS BANANAL.;MUNICIPIO DE GUARULHOS;Guarulhos;SP;Concorrência - Eletrônica;https://pncp.gov.br/contratos/46319000000150/2025/603
655;46374500000194-2-019762/2025;GFK ENGENHARIA LTDA;10.943.754/0001-39;MANUTENÇÃO E REPARAÇÃO DA ÁREA DE SÓLIDOS 1 E CENTRAL DE PESAGEM 2 DA FURP;SECRETARIA DE ESTADO DA SAUDE;Guarulhos;SP;Pregão - Eletrônico;https://pncp.gov.br/contratos/46374500000194/2025/19762
184;13825484000150-2-000140/2025;CONSTRUTORA JOTAELE LTDA;01.237.632/0001-36;"contratação de empresa de engenharia para execução de obras/serviços de PAVIMENTAÇÃO ASFÁLTICA 
DE ESTRADAS VICINAIS, DISTRITOS E POVOADOS NO MUNICÍPIO DE AMARGOSA/BA, conforme necessidade, de acordo com os quantitativos descritos no instrumento de Projeto Básico, pelo tipo de licitação maior desconto, mediante Sistema de Registro de Preços, conforme especificado nos Anexos, partes integrantes da Concorrência Pública Eletrônica nº 002/2025 e na proposta da CONTRATADA";MUNICIPIO DE AMARGOSA;Amargosa;BA;Credenciamento;https://pncp.gov.br/contratos/13825484000150/2025/140
58;83102459000123-2-000547/2026;INFRASUL - INFRAESTRUTURA E EMPREENDIMENTOS LTDA;03.094.645/0001-29;"Contratação de pessoa jurídica para prestação de serviços de engenharia, com fornecimento de materiais e mão de obra para pavimentação asfáltica, serviços preliminares, terraplenagem, drenagem pluvial, obras complementares e sinalização viária, na Estrada Municipal JGS 489 – Erico Oto Hornburg (Rota Cênica) na localidade Rio da Luz Vitória, com extensão total de 3.397,18 m (três mil trezentos e noventa e sete virgula dezoito metros), em
conformidade com o Estudo Técnico Preliminar, Projetos, Memorial Descritivo (Termo de Referência) e Planilha Orçamentária/Quantitativa. SEI: 0206020300.000016/2026-40";MUNICIPIO DE JARAGUA DO SUL;Jaraguá do Sul;SC;Concorrência - Eletrônica;https://pncp.gov.br/contratos/83102459000123/2026/547
64;82892308000153-2-000626/2025;CONSTRUCOES SCHOROEDER LTDA;10.249.046/0001-00;Obras e Serviços de Engenharia para pavimentação asfáltica, drenagem pluvial, passeio público e sinalização da Rua 7 de Setembro e Rua Justino Adalberto Leal.;MUNICIPIO DE BIGUACU;Biguaçu;SC;Concorrência - Eletrônica;https://pncp.gov.br/contratos/82892308000153/2025/626
1836;60509015000101-2-001353/2025;S FIGUEIREDO CONSTRUTORA LTDA;62.371.489/0001-65;SERVIÇOS ESPECIALIZADOS DE OBRAS E SERVIÇOS DE ARQUITETURA E ENGENHARIA – AMPLIAÇÃO DE SALAS DE AULA E SERVIÇOS COMPLEMENTARES;FUNDACAO PARA O DESENVOLVIMENTO DA EDUCACAO;São Paulo;SP;Concorrência - Eletrônica;https://pncp.gov.br/contratos/60509015000101/2025/1353
1952;60509015000101-2-001403/2025;STAGLIORIO ENGENHARIA LTDA;34.108.779/0001-85;SERVIÇOS ESPECIALIZADOS DE OBRAS E SERVIÇOS DE ARQUITETURA E ENGENHARIA – AMPLIAÇÃO DE SALAS DE AULA E SERVIÇOS COMPLEMENTARES;FUNDACAO PARA O DESENVOLVIMENTO DA EDUCACAO;São Paulo;SP;Concorrência - Eletrônica;https://pncp.gov.br/contratos/60509015000101/2025/1403
CO-1297;44477909000100-2-000036/2025;BHO CONSTRUTORA LTDA;34.715.617/0001-05;Contratação de empresa especializada em obras e serviços de engenharia, com execução de todas as etapas e ações necessárias requeridas para a construção de uma escola de educação infantil, EMEI Firenze, Marília/SP - FNDE - creche tipo 1, conforme condições, quantidades e exigências estabelecidas neste Edital e seus anexos.;MUNICIPIO DE MARILIA;Marília;SP;Concorrência - Presencial;https://pncp.gov.br/contratos/44477909000100/2025/36
22;83102459000123-2-000177/2026;PAVIPLAN PAVIMENTACAO LTDA.;03.620.927/0001-12;Contratação de pessoa jurídica para prestação de serviços de engenharia, com fornecimento de materiais e mão de obra para pavimentação asfáltica, serviços preliminares, terraplenagem, drenagem pluvial, obras complementares e sinalização viária, na Rua 849 – Alfredo Emilio Ernesto Benkendorf, no Bairro Santo Antonio, com extensão total de 2.336,60 m (dois mil trezentos e trinta e seis metros e sessenta centímetros), em conformidade com o Estudo Técnico Preliminar, Projetos, Memorial Descritivo (Termo de Referência) e Planilha Orçamentária/Quantitativa. SEI: 0206020000.000073/2026-11;MUNICIPIO DE JARAGUA DO SUL;Jaraguá do Sul;SC;Concorrência - Eletrônica;https://pncp.gov.br/contratos/83102459000123/2026/177
1;14105209000124-2-000021/2024;LINS SERVICOS LTDA;37.508.134/0001-28;Contratação de empresa de engenharia para execução de Reforma e Ampliação do Hospital Municipal de Carinhanha – Bahia, em consonância com o Termo de Convênio nº 042/2024 firmado com a SESAB, sob o regime de empreitada de menor preço global, conforme condições, quantidades e exigências estabelecidas no Termo de Referencia.;MUNICIPIO DE CARINHANHA;Carinhanha;BA;Concorrência - Eletrônica;https://pncp.gov.br/contratos/14105209000124/2024/21
9077-0/2025;45685872000179-2-002270/2025;EPCCO - ENGENHARIA DE PROJETOS, CONSULTORIA E CONSTRUÇÕES LTDA.;61.106.159/0001-80;"REGISTRO DE PREÇOS PELO PERÍODO DE 12 (DOZE) MESES, OBJETIVANDO A CONTRATAÇÃO DE EMPRESA 
VISANDO A EXECUÇÃO DE SERVIÇOS DE RECAPEAMENTO ASFÁLTICO EM DIVERSAS RUAS DO MUNICÍPIO. SECRETARIA MUNICIPAL DE PLANEJAMENTO, OBRAS E MEIO AMBIENTE.";MUNICIPIO DE REGISTRO;Registro;SP;Pregão - Eletrônico;https://pncp.gov.br/contratos/45685872000179/2025/2270
65;86843596000107-2-000004/2024;W C CONSTRUTORA LTDA;48.727.071/0001-17;Contratação de empresa especializada em obras serviços de engenharia para a total execução (compreendendo material e mão de obra) da obra de ampliação, reformulação e reforma do Ginásio do Complexo Esportivo, sito a rua Gustavo Piske nº 400, bairro Padre Martinho Stein, Timbó/ SC, área do projeto de 3.158,66 m² - Segunda Etapa, em plena e total conformidade com os memoriais descritivos, projetos, quantitativos, orçamentos estimativos, cronogramas físico-financeiros e demais documentos relacionados, com pagamento mediante contrato de financiamento nº 0610248-07 (FINISA).;FUNDACAO MUNICIPAL DE ESPORTES;Timbó;SC;Concorrência - Eletrônica;https://pncp.gov.br/contratos/86843596000107/2024/4
216;13825484000150-2-000223/2025;CONSTRUTORA JOTAELE LTDA;01.237.632/0001-36;Contratação de empresa de engenharia para execução de obras/serviços de pavimentação asfáltica de estradas vicinais, distritos e povoados no Município de Amargosa/BA, conforme Projeto Básico, Concorrência Pública Eletrônica nº 002/2025.;MUNICIPIO DE AMARGOSA;Amargosa;BA;Concorrência - Eletrônica;https://pncp.gov.br/contratos/13825484000150/2025/223
22830;43052497000102-2-000092/2025;ROCHASSOLO ENGENHARIA LTDA;23.485.712/0001-43;CONTRATAÇÃO DE OBRAS E SERVIÇOS DE CORREÇÃO E PROTEÇÃO DE TALUDE NO KM 087+300M (LE) DA SP 055, MUNICÍPIO DE CARAGUATATUBA;DEPARTAMENTO DE ESTRADAS DE RODAGEM;São Paulo;SP;Concorrência - Eletrônica;https://pncp.gov.br/contratos/43052497000102/2025/92
282;13828397000156-2-000168/2025;SIPEL CONSTRUCOES LTDA;42.272.740/0001-27;CONTRATAÇÃO DE EMPRESA ESPECIALIZADA PARA A EXECUÇÃO DOS SERVIÇOS DE ENGENHARIA PARA AS OBRAS DE CONSTRUÇÃO DE CRECHE E ESCOLA DE EDUCAÇÃO INFANTIL, NA COMUNIDADE DE MURUTUBA, CACHOEIRA/BA - FNDE - CRECHE TIPO1, CONFORME CONVÊNIO FIRMADO COM O MINISTERIO DA EDUCAÇÃO, NÚMERO 958962/2024, CELEBRADO COM A CAIXA ECONOMICA FEDERAL O CONTRATO DE REPASSE NÚMERO 1093456-49/2024;MUNICIPIO DE CACHOEIRA;Cachoeira;BA;Concorrência - Eletrônica;https://pncp.gov.br/contratos/13828397000156/2025/168
169;45735552000186-2-000163/2025;R.MALUF ENGENHARIA & CONSTRUCOES LTDA;64.141.708/0001-45;OBRAS EM SERVIÇOS DE ENGENHARIA | OBRAS EM SERVIÇOS DE ENGENHARIA (Convênio);MUNICIPIO DE ARTUR NOGUEIRA;Artur Nogueira;SP;Concorrência - Eletrônica;https://pncp.gov.br/contratos/45735552000186/2025/163
91;13825484000150-2-000088/2025;Construsete Construtora LTDA;13.438.063/0001-76;"Contratação de empresa de engenharia para execução de obras/serviços de CONSTRUÇÃO DE CRECHE TIPO I (MODELO FNDE) NO MUNICÍPIO DE AMARGOSA   BA, Conforme Termo de Compromisso n° 959010/2024/FNDE/CAIXA, através do NOVO PAC, Conforme Termo de Compromisso n° 959010/2024/FNDE/CAIXA, através do NOVO PAC, descritos no instrumento de projeto
básico, pelo tipo de licitação menor preço, segundo o regime de execução de empreitada por preço global, conforme especificado nos Anexos, partes integrantes da Concorrência Pública nº 023/2024 e na proposta da CONTRATADA";MUNICIPIO DE AMARGOSA;Amargosa;BA;Concorrência - Eletrônica;https://pncp.gov.br/contratos/13825484000150/2025/88
259;13885231000171-2-000249/2025;CONSTRUTORA RDL LTDA;18.495.626/0001-81;CONTRATAÇÃO DE EMPRESA ESPECIALIZADA PARA EXECUÇÃO DOS SERVIÇOS DE ENGENHARIA COMUM, CONSISTENTES EM MANUTENÇÕES DIVERSAS, QUANDO NECESSÁRIO, NAS PRAÇAS MUNICIPAIS E NOS CEMITÉRIOS MUNICIPAIS LOCALIZADOS EM TODO O TERRITÓRIO DO MUNICÍPIO DE (SEDE, ASSENTAMENTOS, DISTRITOS E POVOADOS).;MUNICIPIO DE ESPLANADA;Esplanada;BA;Pregão - Eletrônico;https://pncp.gov.br/contratos/13885231000171/2025/249
SCL001;45141132000171-2-000002/2026;LGR Construtora Ltda.;14.173.369/0001-00;Execução das obras de construção de Ginásio de Esporte, na Avenida Leonel Guilherme Pereira nº. 1635, bairro Jardim Veneza, mediante Convênio nº. 100988/2025, firmado entre o Município de José Bonifácio e o Governo do Estado de São Paulo, por intermédio da Secretaria de Governo e Relações Institucionais, de acordo com os documentos elaborados pelo Serviço Municipal de Engenharia;MUNICIPIO DE JOSE BONIFACIO;José Bonifácio;SP;Concorrência - Presencial;https://pncp.gov.br/contratos/45141132000171/2026/2
82;49576416000141-2-000022/2025;CONSTRUTORA ALPHA VITÓRIA LTDA;06.122.379/0001-99;Constitui o objeto do presente instrumento a contratação para obras e serviços comuns de engenharia de empresa especializada no ramo da construção civil, visando a construção da UBS Tipo I da “Unidade Básica de Saúde de Penápolis – UBS Jardim Tóquio”, Novo PAC, nas condições estabelecidas no Termo de Referência da a Concorrência Eletrônica nº 003/2025 – Processo nº 023/2025 – Edital nº 3.004/2025.;MUNICIPIO DE PENAPOLIS;Penápolis;SP;Concorrência - Eletrônica;https://pncp.gov.br/contratos/49576416000141/2025/22
1;00394452000103-2-000144/2026;LD ENGENHARIA E SERVICOS LTDA;08.886.987/0001-03;CONSTRUÇÃO DA CIDADE CENOGRÁFICA DO CENTRO DE INSTRUÇÃO DE OPERAÇÕES URBANAS (CIOU), DO 28° BATALHÃO DE INFANTARIA MECANIZADO (28° BIMEC) – 1ª FASE, SITUADO NA AVENIDA SOLDADO PASSARINHO – JARDIM CHAPADÃO – CAMPINAS/SP;COMANDO DO EXERCITO;São Paulo;SP;Concorrência - Eletrônica;https://pncp.gov.br/contratos/00394452000103/2026/144
64;83102418000137-2-000594/2026;CONSTRUÇÃO CIVIL M G LTDA;06.145.928/0001-40;O objeto da presente licitação é a Contratação de empresa especializada para fornecimento de material e mão de obra para execução de obra e serviços de engenharia em estradas vicinais, compreendendo a obra de pavimentação asfáltica da Estrada Geral Rafael, em aproximadamente 3.350 metros de extensão, em conformidade com o convênio nº 984647/2025, firmado com o Ministério da Agricultura e Pecuária / MAPA.;MUNICIPIO DE IBIRAMA;Ibirama;SC;Concorrência - Eletrônica;https://pncp.gov.br/contratos/83102418000137/2026/594
294;83102434000120-2-001599/2025;PENASCAL ENGENHARIA E CONSTRUÇÃO LTDA.;67.718.874/0001-50;CONCORRÊNCIA PARA CONTRATAÇÃO DE EMPRESA ESPECIALIZADA PARA A EXECUÇÃO DE SERVIÇOS DE DESASSOREAMENTO, LIMPEZA E MELHORAMENTO FLUVIAL EM UM TRECHO DE APROXIMADAMENTE 4,6 QUILÔMETROS DOS RIOS DOS ÍNDIOS E KRAUEL, INCLUINDO A REMOÇÃO DE SEDIMENTOS, VEGETAÇÃO E A DESTINAÇÃO CORRETA DO MATERIAL DRAGADO, CONFORME ESPECIFICAÇÕES TÉCNICAS DETALHADAS NESTE TERMO DE REFERÊNCIA E NOS DOCUMENTOS ANEXOS.;MUNICIPIO DE PRESIDENTE GETULIO;Presidente Getúlio;SC;Concorrência - Eletrônica;https://pncp.gov.br/contratos/83102434000120/2025/1599
1954;60509015000101-2-001805/2025;UTGARD OBRAS E SERVICOS LTDA;53.326.728/0001-74;Serviços Especializados de Obras e Serviços de Arquitetura e Engenharia – AMPLIAÇÃO DE SALAS DE AULA E SERVIÇOS COMPLEMENTARES,;FUNDACAO PARA O DESENVOLVIMENTO DA EDUCACAO;São Paulo;SP;Concorrência - Eletrônica;https://pncp.gov.br/contratos/60509015000101/2025/1805
17;49413800000123-2-000022/2025;R-10 ENGENHARIA LTDA-ME;13.809.667/0001-81;"O objeto contempla a execução de serviços de construção de 2100 sepulturas em peças pré-fabricadas em 
pedra ardósia, bem como o fornecimento de materiais básicos e equipamentos necessários para a execução das 
obras";SETEC SERVICOS TECNICOS GERAIS;Campinas;SP;Concorrência - Eletrônica;https://pncp.gov.br/contratos/49413800000123/2025/22
605;13988308000139-2-000399/2025;INOVA EMPREENDIMENTOS E SERVIÇOS LTDA;41.122.031/0001-00;Contratação de empresa especializada na área de engenharia e construção civil para execução de obras de Construção da Creche Municipal do distrito de Quicé, pertencente à cidade de Senhor do Bonfim – BA.;MUNICIPIO DE SENHOR DO BONFIM;Senhor do Bonfim;BA;Concorrência - Eletrônica;https://pncp.gov.br/contratos/13988308000139/2025/399
1;45685120000108-2-000001/2026;EPCCO ENGENHARIA DE PRO;61.106.159/0001-80;"contratação de empresa para OBRAS E PRESTAÇÃO DE SERVIÇOS
COMUNS DE ENGENHARIA para pavimentação asfáltica, terraplanagem, drenagem e obras complementares
em diversas ruas (Rua Constantino Dias Rosa, Rua Aquino Rangel, Rua Fernando Clemente Zanella, Rua
Gianinno Bertazoni, Rua Baldevino Guatura, Rua Veronica Redis Pereira, Rua Candido Zanella, Rua José de
Oliveira Lacerda, Rua Marcelo Kozikoski, Rua Orlando Pereira, Rua Máximo Zanella, Rua Angelo Rossini, Rua
Santina Flórido Adrião e Rua Imigrantes Italianos) perímetro urbano - Pariquera-Açu/SP, em atendimento ao
convênio 100463/2025, proc. SGRI-PRC-2024-00656-DM,";MUNICIPIO DE PARIQUERA-ACU;Pariquera-Açu;SP;Concorrência - Eletrônica;https://pncp.gov.br/contratos/45685120000108/2026/1
1;50122571000177-2-000001/2026;Engema Contruções e Serviços ltda;02.016.712/0001-24;Contratação de empresa para execução de REMANESCENTE DE OBRAS DE INFRAESTRUTURA NO LOTEAMENTO VIVENDAS DO ENGENHO D’ÁGUA.;MUNICIPIO DE ITATIBA;Itatiba;SP;Concorrência - Eletrônica;https://pncp.gov.br/contratos/50122571000177/2026/1
505;82911249000113-2-000764/2025;EVOX ENGENHARIA LTDA;24.436.922/0001-04;CONTRATAÇÃO DE EMPRESA ESPECIALIZADA PARA EXECUÇÃO DA OBRAS DE REFORMA GERAL DE UM PRÉDIO COM 2.316,29 M² (ANTIGO UCCA), PARA FUTURAS INSTALAÇÕES DO CENTRO EDUCACIONAL DE ATENDIMENTO HANS GABRIEL VIEIRA PROHMANN, LOCALIZADO NA RUA JOSÉ FRANCISCO ALVES, BAIRRO NOVA DIVINEIA NO MUNICÍPIO DE ARARANGUÁ SC.;MUNICIPIO DE ARARANGUA;Araranguá;SC;Concorrência - Eletrônica;https://pncp.gov.br/contratos/82911249000113/2025/764
168;13883996000172-2-000058/2025;QUADRANTE ENGENHARIA LTDA;33.910.802/0001-98;Contratar empresa para execução das obras e construção de uma creche tipo 01 padrão FNDE, no Distrito do Retiro no Município de Coração de Maria - BA;MUNICIPIO DE CORACAO DE MARIA;Coração de Maria;BA;Concorrência - Eletrônica;https://pncp.gov.br/contratos/13883996000172/2025/58
13;79373767000116-2-000144/2026;CONSTRUÇÃO CIVIL MG LTDA;06.145.928/0001-40;SERVIÇOS DE ENGENHARIA PARA A EXECUÇÃO DO TRECHO 1 - PAVIMENTAÇÃO DA ESTRADA MUNICIPAL RURAL DA LOCALIDADE DE ESTRADA GERAL VARGEM GRANDE, NO MUNICÍPIO DE APIÚNA/SC;MUNICIPIO DE APIUNA;Apiúna;SC;Concorrência - Eletrônica;https://pncp.gov.br/contratos/79373767000116/2026/144
86;14197586000130-2-000078/2026;DOMUS CONSTRUTORA LTDA;60.667.370/0001-09;Contratação semi-integrada de empresa para desenvolvimento do projeto executivo de engenharia assim como execução de todas as etapas e ações necessárias para as obras de contenção de encostas no município de Jacobina – BA, incluindo o fornecimento de todos os materiais, equipamentos e mão de obra necessários à completa execução dos serviços, conforme projetos, memoriais descritivos, planilhas orçamentárias e demais documentos técnicos que integram o Edital referência e seus anexos, conforme especificações e quantitativos estabelecidos no Processo Licitatório, CONCORRÊNCIA ELETRÔNICA Nº 001/2026.;MUNICIPIO DE JACOBINA;Jacobina;BA;Concorrência - Eletrônica;https://pncp.gov.br/contratos/14197586000130/2026/78
1909;60509015000101-2-001379/2025;PRIME ENGENHARIA E CONSTRUCOES OLIMPIA LTDA.;29.495.023/0001-04;Serviços Especializados de Obras e Serviços de Arquitetura e Engenharia – AMPLIAÇÃO DE SALAS DE AULA E SERVIÇOS COMPLEMENTARES;FUNDACAO PARA O DESENVOLVIMENTO DA EDUCACAO;São Paulo;SP;Concorrência - Eletrônica;https://pncp.gov.br/contratos/60509015000101/2025/1379
2107;60509015000101-2-001397/2025;V G ACOS COMERCIO DE MATERIAIS PARA CONSTRUCAO LTDA;02.842.637/0001-50;SERVIÇOS ESPECIALIZADOS DE OBRAS E SERVIÇOS DE ARQUITETURA E ENGENHARIA – AMPLIAÇÃO DE SALAS DE AULA E SERVIÇOS COMPLEMENTARES;FUNDACAO PARA O DESENVOLVIMENTO DA EDUCACAO;São Paulo;SP;Concorrência - Eletrônica;https://pncp.gov.br/contratos/60509015000101/2025/1397
41;13654421000188-2-000036/2026;PEROLI ENGENHARIA LTDA;17.275.476/0001-38;O objeto do presente instrumento é a contratação de serviços de engenharia e construção civil por empresa especializada para execução das OBRAS DE ENGENHARIA PARA CONSTRUÇÃO DE UBS PORTE 4 – DISTRITO MISSÃO DE ARICOBÉ, nas condições estabelecidas no Termo de Referência.;MUNICIPIO DE ANGICAL;Angical;BA;Concorrência - Eletrônica;https://pncp.gov.br/contratos/13654421000188/2026/36
5;46523270000188-2-000005/2026;TROPICO CONSTRUTORA E INCORPORADORA LTDA;49.049.695/0001-95;CONTRATAÇÃO DE EMPRESA ESPECIALIZADA DE ENGENHARIA PARA A EXECUÇÃO DAS OBRAS/SERVIÇOS DE CONSTRUÇÃO DA CENTRAL DE TRIAGEM DE RESÍDUOS RECICLÁVEIS (AMB 019), SITUADA NA RUA JÚLIO PEROTI, S/Nº, JARDIM ARMÊNIA, NO MUNICÍPIO DE MOGI DAS CRUZES.;MUNICIPIO DE MOGI DAS CRUZES;Mogi das Cruzes;SP;Concorrência - Eletrônica;https://pncp.gov.br/contratos/46523270000188/2026/5
C-032-2026;14042667000161-2-000040/2026;PAVITEC - PAVIMENTAÇÕES E SERVICOS DE ENGENHARIA LTDA;12.574.558/0001-60;CONTRATAÇÃO DE EMPRESA DE ENGENHARIA PARA EXECUÇÃO DE OBRAS/SERVIÇOS DE REQUALIFICAÇÃO DE VIAS URBANAS COM PAVIMENTAÇÃO ASFÁLTICA E DRENAGEM NOS BAIRROS ALEGRETE, CAMINHO DO OESTE E BAIRRO BOSQUE DO MUNICÍPIO DE SANTO ESTÊVÃO – BAHIA, CONTRATO DE REPASSE: 975136/2025, CONFORME CONDIÇÕES E EXIGÊNCIAS ESTABELECIDAS NO EDITAL E SEUS ANEXOS.;MUNICIPIO DE SANTO ESTEVAO;Santo Estêvão;BA;Concorrência - Eletrônica;https://pncp.gov.br/contratos/14042667000161/2026/40
17;15126437000143-2-001584/2025;ENGECAD ENGENHARIA LTDA;09.625.923/0001-03;O OBJETO DO PRESENTE INSTRUMENTO É A CONTRATAÇÃO DE EMPRESA ESPECIALIZADA EM ENGENHARIA E CONSTRUÇÃO CIVIL PARA EXECUÇÃO DE OBRA DE REFORMA PARA ADEQUAÇÃO DA CENTRAL DE MATERIAL E ESTERILIZAÇÃO (CME) E DA CASA DE RESÍDUOS DA MATERNIDADE CLIMÉRIO DE OLIVEIRA-MCO, DE CARÁTER NÃO CONTINUADO, COM A MONTAGEM, A REALIZAÇÃO DE TESTES, A PRÉ-OPERAÇÃO E FORNECIMENTO DE MATERIAL, FERRAMENTAS, EQUIPAMENTOS, ADMINISTRAÇÃO DE OBRA, MÃO DE OBRA E TODAS AS DEMAIS OPERAÇÕES NECESSÁRIAS E SUFICIENTES PARA ENTREGA FINAL DO OBJETO DA MATERNIDADE CLIMÉRIO DE OLIVEIRA DA UNIVERSIDADE FEDERAL DA BAHIA (MCO-UFBA), EM CONFORMIDADE COM AS ESPECIFICAÇÕES E DEMAIS ANEXOS DESTE PROJETO BÁSICO.;EMPRESA BRASILEIRA DE SERVIÇOS HOSPITALARES;Salvador;BA;Concorrência - Eletrônica;https://pncp.gov.br/contratos/15126437000143/2025/1584
126;13658158000103-2-000123/2025;FV CONSTRUTORA E TERRAPLENAGEM LTDA;10.901.477/0001-00;OBRAS E SERVICOS DE ENGENHARIA;MUNICIPIO DE ARATACA;Arataca;BA;Concorrência - Eletrônica;https://pncp.gov.br/contratos/13658158000103/2025/123
2391;60509015000101-2-001837/2025;CEDRO CONSTRUTORA E INCORPORADORA LTDA;44.209.567/0001-48;SERVIÇOS ESPECIALIZADOS DE OBRAS E SERVIÇOS DE ARQUITETURA E ENGENHARIA – AMPLIAÇÃO DE SALAS DE AULA E SERVIÇOS COMPLEMENTARES;FUNDACAO PARA O DESENVOLVIMENTO DA EDUCACAO;São Paulo;SP;Concorrência - Eletrônica;https://pncp.gov.br/contratos/60509015000101/2025/1837
C 052;83102343000194-2-001876/2025;WM GARDEN SERVIÇOS DE JARDINAGEM LTDA - EPP;13.960.759/0001-68;EXECUÇÃO DE SERVIÇOS COMUNS DE ENGENHARIA, COM DEDICAÇÃO EXCLUSIVA DE MÃO DE OBRA, DE PAISAGISMO E ROÇADA (SERVIÇO DE APOIO, MANEJO DE JARDINAGEM, LIMPEZA DE CANTEIROS, ROÇADA E PODA) DENTRO DOS LIMITES DO MUNICÍPIO DE BRUSQUE;MUNICIPIO DE BRUSQUE;Brusque;SC;Pregão - Eletrônico;https://pncp.gov.br/contratos/83102343000194/2025/1876
161;13658158000103-2-000149/2025;FV CONSTRUTORA E TERRAPLENAGEM LTDA;10.901.477/0001-00;OBRAS E SERVICOS DE ENGENHARIA.;MUNICIPIO DE ARATACA;Arataca;BA;Concorrência - Eletrônica;https://pncp.gov.br/contratos/13658158000103/2025/149
22947;43052497000102-2-000027/2026;RESOLUTE ENGENHARIA LTDA;58.019.340/0001-44;CONTRATAÇÃO DAS OBRAS E SERVIÇOS DE RECUPERAÇÃO DE GALERIA E SUAS ALAS A JUSANTE, RECOMPOSIÇÃO DE TALUDE, RECUPERAÇÃO DE DRENAGEM SUPERFICIAL E PAVIMENTO NA SP 147, KM 39+950, NO MUNICÍPIO DE ITAPIRA;DEPARTAMENTO DE ESTRADAS DE RODAGEM;São Paulo;SP;Concorrência - Eletrônica;https://pncp.gov.br/contratos/43052497000102/2026/27
1953;60509015000101-2-001405/2025;LOPES STAUDT ENGENHARIA LTDA;34.998.767/0001-73;SERVIÇOS ESPECIALIZADOS DE OBRAS E SERVIÇOS DE ARQUITETURA E ENGENHARIA – AMPLIAÇÃO DE SALAS DE AULA E SERVIÇOS COMPLEMENTARES;FUNDACAO PARA O DESENVOLVIMENTO DA EDUCACAO;São Paulo;SP;Concorrência - Eletrônica;https://pncp.gov.br/contratos/60509015000101/2025/1405
19;13717517000148-2-000017/2026;RK MANUTENCAO SERVICE LTDA;29.292.534/0001-10;Contratação de empresa especializada em obras e serviços de engenharia para execução de pavimentação de vias públicas na cidade de Morro do Chapéu/Ba, conforme contrato de repasse nº 971930/2024/MCIDADES/CAIXA.;MUNICIPIO DE MORRO DO CHAPEU;Morro do Chapéu;BA;Concorrência - Eletrônica;https://pncp.gov.br/contratos/13717517000148/2026/17
C 054;83102343000194-2-003729/2025;AGRO PRESTADORA DE SERVICOS LTDA.;20.525.400/0001-28;CONTRATAÇÃO DE EMPRESA PARA PRESTAÇÃO DE SERVIÇOS COMUM DE ENGENHARIA DE LOCAÇÃO, POR HORA TRABALHADA, DE MINI CARREGADEIRA, INCLUSO SISTEMA DE MONITORAMENTO E RASTREAMENTO GPS NOS EQUIPAMENTOS, MÃO DE OBRA DE OPERADOR/MOTORISTA DEVIDAMENTE HABILITADO E COMBUSTÍVEL. Conforme condições e exigências estabelecidas no DFD - Documento de Formalização da Demanda, Termo de Referência, e demais documentos que instruem o processo.;MUNICIPIO DE BRUSQUE;Brusque;SC;Dispensa;https://pncp.gov.br/contratos/83102343000194/2025/3729
230-2025;13797188000192-2-000174/2025;CONSTRUSETE CONSTRUTORA LTDA;13.438.063/0001-76;CONTRATAÇÃO DE EMPRESA ESPECIALIZADA DE ENGENHARIA PARA EXECUÇÃO DE OBRAS/SERVIÇOS DE CONSTRUÇÃO DE CRECHE E ESCOLA DE EDUCAÇÃO INFANTIL, NO BAIRRO DO APAGA FOGO, NAZARÉ/BA – FNDE – CRECHE TIPO II, CONFORME TERMO DE COMPROMISSO Nº 959005/2024/FNDE/CAIXA.;MUNICIPIO DE NAZARE;Nazaré;BA;Concorrência - Eletrônica;https://pncp.gov.br/contratos/13797188000192/2025/174
357D;14105183000114-2-000529/2025;CONSTRUTORA PRESERVA LTDA;23.449.955/0001-26;Contratação de empresa especializada do ramo de engenharia civil para a Prestação de Serviços de Obras de Construção, Ampliação e Reformas das Escolas Municipal, visando o período letivo de 2026.;MUNICIPIO DE BOM JESUS DA LAPA;Bom Jesus da Lapa;BA;Concorrência - Eletrônica;https://pncp.gov.br/contratos/14105183000114/2025/529
11117-0/2025;45685872000179-2-002813/2025;EPCCO - ENGENHARIA DE PROJETOS, CONSULTORIA E CONSTRUÇÕES LTDA.;61.106.159/0001-80;"REGISTRO DE PREÇOS PELO PERÍODO DE 12 (DOZE) MESES, OBJETIVANDO A CONTRATAÇÃO DE EMPRESA 
VISANDO A EXECUÇÃO DE SERVIÇOS DE RECAPEAMENTO ASFÁLTICO EM DIVERSAS RUAS DO MUNICÍPIO. SECRETARIA MUNICIPAL DE PLANEJAMENTO, OBRAS E MEIO AMBIENTE.";MUNICIPIO DE REGISTRO;Registro;SP;Pregão - Eletrônico;https://pncp.gov.br/contratos/45685872000179/2025/2813
7261-0/2025;45685872000179-2-001773/2025;EPCCO - ENGENHARIA DE PROJETOS, CONSULTORIA E CONSTRUÇÕES LTDA.;61.106.159/0001-80;"REGISTRO DE PREÇOS PELO PERÍODO DE 12 (DOZE) MESES, OBJETIVANDO A CONTRATAÇÃO DE EMPRESA 
VISANDO A EXECUÇÃO DE SERVIÇOS DE RECAPEAMENTO ASFÁLTICO EM DIVERSAS RUAS DO MUNICÍPIO. SECRETARIA MUNICIPAL DE PLANEJAMENTO, OBRAS E MEIO AMBIENTE.";MUNICIPIO DE REGISTRO;Registro;SP;Pregão - Eletrônico;https://pncp.gov.br/contratos/45685872000179/2025/1773
6457-0/2025;45685872000179-2-001752/2025;EPCCO - ENGENHARIA DE PROJETOS, CONSULTORIA E CONSTRUÇÕES LTDA.;61.106.159/0001-80;"REGISTRO DE PREÇOS PELO PERÍODO DE 12 (DOZE) MESES, OBJETIVANDO A CONTRATAÇÃO DE EMPRESA 
VISANDO A EXECUÇÃO DE SERVIÇOS DE RECAPEAMENTO ASFÁLTICO EM DIVERSAS RUAS DO MUNICÍPIO. SECRETARIA MUNICIPAL DE PLANEJAMENTO, OBRAS E MEIO AMBIENTE.";MUNICIPIO DE REGISTRO;Registro;SP;Pregão - Eletrônico;https://pncp.gov.br/contratos/45685872000179/2025/1752
102;46634465000103-2-000029/2025;TOPCONS ENGENHARIA SERVICOS E LOCACOES LTDA;19.927.082/0001-42;Contratação de empresa especializada para a execução das obras de ampliação do prédio da EMEF. “José de Moura Glasser”;MUNICIPIO DE TAPIRAI;Tapiraí;SP;Concorrência - Eletrônica;https://pncp.gov.br/contratos/46634465000103/2025/29
5;03659166000102-2-000401/2024;CERQUEIRA E ARAUJO CONSTRUCOES E SERVICOS LTDA;26.442.478/0001-65;CONTRATAÇÃO DE EXECUÇÃO DAS OBRAS DE ENGENHARIA PARA REFORMA E AMPLIAÇÃO DO CENTRO DE TRIAGEM DE ANIMAIS SILVESTRES DO IBAMA EM PORTO SEGURO - BA,   CONFORME CONDIÇÕES E EXIGÊNCIAS  ESTABELECIDAS NA FORMA, LOCAIS, QUANTIDADES, ESPECIFICAÇÕES E EXIGÊNCIAS ESTABELECIDAS NO TERMO DE REFERÊNCIA E SEUS ANEXOS.;INSTITUTO BRASILEIRO DO MEIO AMBIENTE E DOS RECURSOS NATURAIS RENOVAVEIS-IBAMA;Salvador;BA;Concorrência - Eletrônica;https://pncp.gov.br/contratos/03659166000102/2024/401
4;52561214000130-2-000007/2025;SANEVALE SERVIÇOS BÁSICOS  LTDA.;01.835.288/0001-87;Contratação de empresa especializada para execução das obras e serviços de engenharia para implantação de sistema de esgotamento sanitario em SABAUNA;SERVICO MUNICIPAL DE AGUAS E ESGOTOS;Mogi das Cruzes;SP;Concorrência - Presencial;https://pncp.gov.br/contratos/52561214000130/2025/7
68;03918310000188-2-000011/2024;F. A. CONSTRUÇÃO DE EDIFICIOS LTDA;33.146.979/0001-60;CONTRATAÇÃO DE EMPRESA ESPECIALIZADA EM OBRAS E SERVIÇOS DE ENGENHARIA PARA A TOTAL EXECUÇÃO (COMPREENDENDO MATERIAL E MÃO DE OBRA), DE REFORMA, REVITALIZAÇÃO E AMPLIAÇÃO DO MERCADO PÚBLICO E CULTURAL LEOPOLDO KURTZ DE TIMBÓ/SC, EM PLENA E TOTAL CONFORMIDADE COM OS MEMORIAIS DESCRITIVOS, QUANTITATIVOS, PROJETOS, ORÇAMENTO ESTIMATIVO, CRONOGRAMA FÍSICO FINANCEIRO, MINUTAS CONTRATUAIS E DEMAIS DOCUMENTOS RELACIONADOS. PAGAMENTO MEDIANTE CONTRATO DE FINANCIAMENTO Nº 0610248-07 (FINISA). CONTRATO DE FINANCIAMENTO Nº 0610248 - 07 FINISA;FUNDACAO DE CULTURA E TURISMO DE TIMBO - FCT;Timbó;SC;Concorrência - Eletrônica;https://pncp.gov.br/contratos/03918310000188/2024/11
22907;43052497000102-2-000014/2026;AUTEM ENGENHARIA LTDA;26.511.662/0001-10;CONTRATAÇÃO DE OBRAS E SERVIÇOS EM CARÁTER EMERGENCIAL DE SUBSTITUIÇÃO DA GALERIA POR PONTE NA RODOVIA SPA-059/345, KM 5,779;DEPARTAMENTO DE ESTRADAS DE RODAGEM;São Paulo;SP;Dispensa;https://pncp.gov.br/contratos/43052497000102/2026/14
79;45301264000113-2-000486/2025;RR CONSTRUÇÕES E MATERIAIS DE CONSTRUÇÃO UNIPESSOAL LTDA;18.835.435/0001-11;Contratação de empresa de engenharia especializada na execução de obras e serviços para CONSTRUÇÃO DE UMA CRECHE PADRÃO F.D.E. 7 SALAS, NO JARDIM SAKAIDA, neste Município de Mogi Guaçu SP.;MUNICIPIO DE MOGI-GUACU;Mogi Guaçu;SP;Concorrência - Eletrônica;https://pncp.gov.br/contratos/45301264000113/2025/486
278;13761713000110-2-000255/2026;VERSATIL EMPEENDIMENTOS LTDA;56.079.176/0001-35;Contratação de empresa de engenharia especializada para construção de Pier/Deck de madeira do Cais de Prado na Sede do Município de acordo com os projetos, especificações técnicas. e demais documentos integrantes do processo licitatório, independentemente de transcrição.;MUNICIPIO DE PRADO;Prado;BA;Concorrência - Eletrônica;https://pncp.gov.br/contratos/13761713000110/2026/255
79;13743281000114-2-000020/2025;CONTRATTU' S SERVICOS DE ENGENHARIA E CONSULTORIA LTDA;04.032.302/0001-00;Contratação de empresa especializada em engenharia civil para a execução das obras de construção de 25 (vinte e cinco) unidades habitacionais de interesse social, a serem implantadas no Sítio Negreiro, no Município de Salinas da Margarida – Bahia, no âmbito do Programa Minha Casa, Minha Vida – Fundo Nacional de Habitação de Interesse Social (MCMV FNHIS SUB 50), conforme Termo de Compromisso nº 970737/2024/MCIDADES/CAIXA, incluindo o fornecimento de materiais, mão de obra, equipamentos e serviços necessários à completa execução do empreendimento.;MUNICIPIO DE SALINAS DA MARGARIDA;Salinas da Margarida;BA;Concorrência - Eletrônica;https://pncp.gov.br/contratos/13743281000114/2025/20
73;83102335000148-2-001475/2025;CARUSO JR. ESTUDOS AMBIENTAIS & ENGENHARIA LTDA;02.550.302/0001-69;CONTRATAÇÃO DE EMPRESA ESPECIALIZADA PARA A EXECUÇÃO DOS PROGRAMAS AMBIENTAIS PREVISTOS NO PLANO BÁSICO AMBIENTAL (PBA), REFERENTES À OBRA DE ALIMENTAÇÃO ARTIFICIAL DA PRAIA CENTRAL DE BALNEÁRIO PIÇARRAS/SC.;MUNICIPIO DE BALNEARIO DE PICARRAS;Balneário Piçarras;SC;Concorrência - Eletrônica;https://pncp.gov.br/contratos/83102335000148/2025/1475
9;82925652000100-2-000512/2026;KAMMERS EMPREENDIMENTOS LTDA;54.481.215/0001-09;CONTRATAÇÃO DE EMPRESA ESPECIALIZADA EM OBRAS E SERVIÇOS DE ENGENHARIA PARA CONSTRUÇÃO DE 30 (TRINTA) UNIDADES DE HABITAÇÃO SOCIAL, NOS BAIRROS CARDOSO E RIBANCEIRA DO SUL, NO MUNICÍPIO DE SÃO JOÃO BATISTA, SC, CONFORME PROJETOS, MEMORIAL DESCRITIVO, PLANILHA ORÇAMENTÁRIA, CRONOGRAMA FÍSICO FINANCEIRO, ART E DEMAIS DOCUMENTOS COMPLEMENTARES, PARTE INTEGRANTE DO EDITAL.;MUNICIPIO DE SAO JOAO BATISTA;São João Batista;SC;Concorrência - Eletrônica;https://pncp.gov.br/contratos/82925652000100/2026/512
24;46694147000120-2-000323/2026;FERREIRA ENGENHARIA E CONSTRUCAO LTDA;46.836.551/0001-90;"CONTRATAÇÃO DE EMPRESA ESPECIALIZADA PARA PRODUÇÃO DE 20 UNIDADES HABITACIONAIS NO BAIRRO BOSQUE DO JAGUARI,COMPREENDENDO A EXECUÇÃO DE OBRAS E SERVIÇOS DE ENGENHARIA, A MONTAGEM, A
REALIZAÇÃO DE TESTES E AS DEMAIS OPERAÇÕES NECESSÁRIAS E SUFICIENTES PARA A ENTREGA FINAL DAS UNIDADES HABITACIONAIS ÀS FAMÍLIAS BENEFICIÁRIAS, INCLUINDO A INFRAESTRUTURA ESSENCIAL NECESSÁRIA.";MUNICIPIO DE IGARATA;Igaratá;SP;Concorrência - Eletrônica;https://pncp.gov.br/contratos/46694147000120/2026/323
007/2025;13809397000109-2-000001/2025;CONSTRUSILVA CONSTRUÇÕES E TRANSPORTES LTDA;33.377.019/0001-00;Contratação de empresa especializada em obras e serviços de engenharia para execução da construção de Creche TIPO 2 e Escola de Educação Infantil a ser construída no Bairro Caburé, sede do Município de Ribeira do Pombal/BA, de acordo com as condições e especificações estabelecidas no TERMO DE COMPROMISSO Nº 962631/2024/FNDE/CAIXA;MUNICIPIO DE RIBEIRA DO POMBAL;Ribeira do Pombal;BA;Concorrência - Eletrônica;https://pncp.gov.br/contratos/13809397000109/2025/1
17;13827019000158-2-000002/2026;CONTRATTU' S SERVICOS DE ENGENHARIA E CONSULTORIA LTDA;04.032.302/0001-00;Contratação de empresa de engenharia para execução de obras/serviços de CONSTRUÇÃO DE UNIDADES HABITACIONAIS PELO PROGRAMA MINHA CASA MINHA VIDA, NO MUNICÍPIO DE DOM MACEDO COSTA – BA, ATRAVÉS DO TERMO DE COMPROMISSO COM O MINISTÉRIO DAS CIDADES. OPERAÇÃO Nº 974330/2024. Conforme projeto básico, segundo o regime de execução de empreitada por preço global.;MUNICIPIO DE DOM MACEDO COSTA;Dom Macedo Costa;BA;Concorrência - Eletrônica;https://pncp.gov.br/contratos/13827019000158/2026/2
1913;60509015000101-2-001398/2025;FORPLAN - COMERCIAL E CONSTRUTORA LTDA;51.490.092/0001-76;SERVIÇOS ESPECIALIZADOS DE OBRAS E SERVIÇOS DE ARQUITETURA E ENGENHARIA – AMPLIAÇÃO DE SALAS DE AULA E SERVIÇOS COMPLEMENTARES;FUNDACAO PARA O DESENVOLVIMENTO DA EDUCACAO;São Paulo;SP;Concorrência - Eletrônica;https://pncp.gov.br/contratos/60509015000101/2025/1398
39;53415717000160-2-000043/2025;RAMON AGUILERA PARTICIPAÇÕES E EMPREENDIMENTOS LTDA;11.823.795/0001-54;Contratação de empresa especializada para executar obras e serviços de engenharia, com fornecimento de materiais e mão de obra, e as demais operações necessárias e suficientes para a entrega final da construção de unidades de saúde no município de Ourinhos-SP;MUNICIPIO DE OURINHOS;Ourinhos;SP;Concorrência - Eletrônica;https://pncp.gov.br/contratos/53415717000160/2025/43
199;13904420000144-2-000190/2025;GLOBAL CONSTRUCOES SERVICOS E MANUTENCOES LTDA;23.694.541/0001-62;CONTRATAÇÃO DE EMPRESA ESPECIALIZADA EM OBRAS E SERVIÇOS DE ENGENHARIA PARA EXECUÇÃO DE OBRA PARA REFORMA E AMPLIAÇÃO DO ESTADIO MUNICIPAL DE NOVA SOURE, ESTADO DA BAHIA.;MUNICIPIO DE NOVA SOURE;Nova Soure;BA;Concorrência - Eletrônica;https://pncp.gov.br/contratos/13904420000144/2025/190
29;45511847000179-2-000027/2025;HMBF ENGENHARIA E CONSTRUÇÕES LTDA;05.955.259/0001-00;Contratação de empresa para execução de obras e serviços destinados a reforma predial da EMEB Maria de Freitas Souza;MUNICIPIO DE ARACATUBA;Araçatuba;SP;Concorrência - Eletrônica;https://pncp.gov.br/contratos/45511847000179/2025/27
2309;60509015000101-2-001794/2025;D.O.M CONSTRUCOES E SERVICOS LTDA;00.971.575/0001-51;SERVIÇOS ESPECIALIZADOS DE OBRAS E SERVIÇOS DE ARQUITETURA E ENGENHARIA – REFORMA DO PRÉDIO ESCOLAR;FUNDACAO PARA O DESENVOLVIMENTO DA EDUCACAO;São Paulo;SP;Concorrência - Eletrônica;https://pncp.gov.br/contratos/60509015000101/2025/1794
661;46374500000194-2-019625/2025;CAMALEAO ENGENHARIA LTDA;41.569.982/0001-14;SERVIÇOS COMUNS DE MANUTENÇÃO, CONSERVAÇÃO E REPARAÇÃO, ABRANGENDO A EXECUÇÃO DE SERVIÇOS DE MANUTENÇÃO PREVENTIVA E CORRETIVA DOS EQUIPAMENTOS PRODUTIVOS, EQUIPAMENTOS DAS ÁREAS DE APOIO À PRODUÇÃO, E INFRAESTRUTURA DE ACOMPANHAMENTO DOS PROCESSOS PRODUTIVOS;SECRETARIA DE ESTADO DA SAUDE;Guarulhos;SP;Pregão - Eletrônico;https://pncp.gov.br/contratos/46374500000194/2025/19625
108;49269236000117-2-000088/2025;GESTOR ENGENHARIA LTDA;01.846.687/0001-43;CONTRATAÇÃO DE SERVIÇOS TÉCNICOS ESPECIALIZADOS DE ELABORAÇÃO DE PROJETO EXECUTIVO E EXECUÇÃO DE OBRAS DE DRENAGEM E PAVIMENTAÇÃO EM RUAS DE TERRA, CONFORME ESPECIFICAÇÕES TÉCNICAS DESCRITAS NO ANEXO III;SECRETARIA MUNICIPAL DAS SUBPREFEITURAS;São Paulo;SP;Concorrência - Eletrônica;https://pncp.gov.br/contratos/49269236000117/2025/88
1914;60509015000101-2-001378/2025;V G ACOS COMERCIO DE MATERIAIS PARA CONSTRUCAO LTDA;02.842.637/0001-50;Serviços Especializados de Obras e Serviços de Arquitetura e Engenharia – AMPLIAÇÃO DE SALAS DE AULA E SERVIÇOS COMPLEMENTARES,;FUNDACAO PARA O DESENVOLVIMENTO DA EDUCACAO;São Paulo;SP;Concorrência - Eletrônica;https://pncp.gov.br/contratos/60509015000101/2025/1378
1837;60509015000101-2-001324/2025;MECSOL ENGENHARIA LTDA;29.055.024/0001-20;SERVIÇOS ESPECIALIZADOS DE OBRAS E SERVIÇOS DE ARQUITETURA E ENGENHARIA – AMPLIAÇÃO DE SALAS DE AULA E SERVIÇOS COMPLEMENTARES;FUNDACAO PARA O DESENVOLVIMENTO DA EDUCACAO;São Paulo;SP;Concorrência - Eletrônica;https://pncp.gov.br/contratos/60509015000101/2025/1324
58;45511847000179-2-000053/2025;HMBF ENGENHARIA E CONSTRUÇÕES LTDA;05.955.259/0001-00;Contratação de empresa para execução de obras e serviços destinados à construção de uma unidade básica de saúde porte 3 - Bairro Concórdia I;MUNICIPIO DE ARACATUBA;Araçatuba;SP;Concorrência - Eletrônica;https://pncp.gov.br/contratos/45511847000179/2025/53
C005;13880703000101-2-000327/2025;JL FIGUEIREDO CONSTRUTORA CIVIL LTDA;32.052.695/0001-41;CONTRATAÇÃO DE EMPRESA ESPECIALIZADA NA EXECUÇÃO DE OBRAS DE ENGENHARIA PARA A CONSTRUÇÃO DE QUADRAS POLIESPORTIVAS,INCLUINDO FOENECIMENTO DE MATERIAIS ,MÃO DE OBRA,EQUIPAMENTOS E SERVIÇOS NECESSARIOS.;MUNICIPIO DE BARRA;Barra;BA;Concorrência - Eletrônica;https://pncp.gov.br/contratos/13880703000101/2025/327
418/SMI/2025;82892282000143-2-000031/2025;BRITAGEM VOGELSANGER LTDA;84.689.066/0003-92;Contratação de empresa especializada para execução de obras/serviços de engenharia de implantação da Avenida Internacional, no bairro Ingleses.;MUNICIPIO DE FLORIANOPOLIS;Florianópolis;SC;Concorrência - Eletrônica;https://pncp.gov.br/contratos/82892282000143/2025/31
20;44435121000131-2-000018/2026;TORRE FORTE ARACATUBA CONSTRUTORA LTDA;09.526.242/0001-98;OBRAS E SERVIÇOS DE ENGENHARIA;MUNICIPIO DE BURITAMA;Buritama;SP;Concorrência - Eletrônica;https://pncp.gov.br/contratos/44435121000131/2026/18
